vcfID,Group
wuh09093i,Modern_sh2-i
wuh09144i,Modern_sh2-i
wuh09149i,Modern_sh2-i
wuh09164i,Modern_sh2-i
wuh11801i,Modern_sh2-i
wuh07466i,Modern_sh2-i
wuh09170i,Modern_sh2-i
wuh07481i,Modern_sh2-i
wuh12019i,Modern_sh2-i
wuh09153i,Modern_sh2-i
wuh11810i,Modern_sh2-i
wuh09097i,Modern_sh2-i
Wuh09188i,Modern_sh2-i
wuh09150i,Modern_sh2-i
wuh07469i,Modern_sh2-i
wuh07429i,Modern_sh2-i
wuh09098i,Modern_sh2-i
wuh09191i,Modern_sh2-i
wuh12037i,Modern_sh2-i
wuh11816i,Modern_sh2-i
wuh09174i,Modern_sh2-i
wuh12039i,Modern_sh2-i
wuh07422i,Modern_sh2-i
wuh11809i,Modern_sh2-i
wuh11813i,Modern_sh2-i
wuh09183i,Modern_sh2-i
wuh08127ia,Modern_sh2-i
L17-1-1-1-1-1,Modern_sh2-R
K164-1-1-1-1-1,Modern_sh2-R
M31-1-1-1-1-1-1,Modern_sh2-R
M90-1-1-1-2-2-1-1,Modern_sh2-R
I22-1-1-1-1-1-1,Modern_sh2-R
wh12001,Modern_sh2-R
wuh07186i,Modern_sh2-R
I97-1-1-1-1-1-1,Modern_sh2-R
N11-1-2-1-1-1-1-1-1-1,Modern_sh2-R
wh14082V,Modern_sh2-R
We17421,Modern_sh2-R
wh11008,Modern_sh2-R
Wh94053,Modern_sh2-R
I108-2-2-2-2-1-1-1,Modern_sh2-R
N46A-1,Modern_sh2-R
wh13041,Modern_sh2-R
K120-1-1-1-1-1-2-1,Modern_sh2-R
I31-1-1-1-2-1-1,Modern_sh2-R
COES28A-1,Modern_sh2-R
Wh98063,Modern_sh2-R
I94-1-1-1-1-1-1-1,Modern_sh2-R
Wh09087,Modern_sh2-R
wh10127R,Modern_sh2-R
K113-2-1-2-1-1,Modern_sh2-R
N38-2-1-1-1-1-1-1,Modern_sh2-R
L108-2-1-1,Modern_sh2-R
N99-1-1-1-1-1-1-1,Modern_sh2-R
wh11017a,Modern_sh2-R
UFI9EC,Modern_sh2-R
L125-1-1-1,Modern_sh2-R
K169-1-1-1-2-2,Modern_sh2-R
wh05066a,Modern_sh2-R
wh13022A,Modern_sh2-R
wh05051,Modern_sh2-R
wh12004,Modern_sh2-R
L25-1-1-1-1-1,Modern_sh2-R
N132A-1,Modern_sh2-R
wh08114,Modern_sh2-R
UFI2EDbt1-1,Modern_sh2-R
wh09137R,Modern_sh2-R
Wh96034,Modern_sh2-R
I182-1-2-1-1-1-1,Modern_sh2-R
I112-1-1-2-1-1-1-,Modern_sh2-R
K115-11-1-1-1-1-1-1B-1,Modern_sh2-R
wh10135R,Modern_sh2-R
Wh98044,Modern_sh2-R
L48-1-1-1-1-1,Modern_sh2-R
K15-1(X9),Modern_sh2-R
wuh98032,Modern_sh2-R
I58-1-2-2-1-1-1,Modern_sh2-R
Wh01001,Modern_sh2-R
K52-2-1-1-1-1,Modern_sh2-R
K1-1-1-1-1-1-2-1-1-1,Modern_sh2-R
wh14210N,Modern_sh2-R
wh10034R,Modern_sh2-R
wh07020a,Modern_sh2-R
K192-1-1-1-1-1-1-1,Modern_sh2-R
COES46A-1,Modern_sh2-R
wh09083,Modern_sh2-R
wh12005,Modern_sh2-R
wh10163,Modern_sh2-R
wh08092,Modern_sh2-R
L108-1-1-1-1-1-1,Modern_sh2-R
wh10137R,Modern_sh2-R
wh14202N,Modern_sh2-R
wh10046R,Modern_sh2-R
wh10049R,Modern_sh2-R
wh14113V,Modern_sh2-R
wh09009,Modern_sh2-R
wh10052Ra,Modern_sh2-R
wh10105R,Modern_sh2-R
Wh93017,Modern_sh2-R
wh05032a1,Modern_sh2-R
wh13040,Modern_sh2-R
K43-1-1-1-1-1-1-1,Modern_sh2-R
wh13063A,Modern_sh2-R
I136-1-1-1-1-1,Modern_sh2-R
Wh95016a,Modern_sh2-R
wh05070a,Modern_sh2-R
wh10057R,Modern_sh2-R
N142A-1,Modern_sh2-R
Wh96015,Modern_sh2-R
wh14102V,Modern_sh2-R
wh14101V,Modern_sh2-R
K104-1,Modern_sh2-R
wh10140R,Modern_sh2-R
wh08022,Modern_sh2-R
wh08045,Modern_sh2-R
wh09033,Modern_sh2-R
wh08042,Modern_sh2-R
N72A-1,Modern_sh2-R
Wh9261,Modern_sh2-R
wh09117R,Modern_sh2-R
I237-1-2-1-1-1-1-1,Modern_sh2-R
wh13053,Modern_sh2-R
wh13064,Modern_sh2-R
wh09126R,Modern_sh2-R
Wh17048V,Modern_sh2-R
wh10062R,Modern_sh2-R
Wh17070V,Modern_sh2-R
wh10067R,Modern_sh2-R
wh11005,Modern_sh2-R
wh07029,Modern_sh2-R
wh10113R,Modern_sh2-R
wh03031,Modern_sh2-R
Wh16015B,Modern_sh2-R
wh10040R,Modern_sh2-R
wh07061b,Modern_sh2-R
wh09141R,Modern_sh2-R
wh07165R,Modern_sh2-R
wh10173V,Modern_sh2-R
wh10088R,Modern_sh2-R
wh92047,Modern_sh2-R
wh10090R,Modern_sh2-R
wh10070R,Modern_sh2-R
wh10068R,Modern_sh2-R
Wh14201N,Modern_sh2-R
Wh16012,Modern_sh2-R
Wh00050,Modern_sh2-R
wuh12018i,Modern_sh2-R
K127-1-1-1-2-1-1-1-1,Modern_sh2-R
Wh14100V,Modern_sh2-R
wh04036VW,Modern_sh2-R
wh12014,Modern_sh2-R
Wh93016,Modern_sh2-R
wh12008,Modern_sh2-R
Wh00051,Modern_sh2-R
COES25A-1,Modern_sh2-R
wh10231V,Modern_sh2-R
Wh96011,Modern_sh2-R
wh10216V,Modern_sh2-R
Wh93006,Modern_sh2-R
wh07051,Modern_sh2-R
wh09086,Modern_sh2-R
wh07061a,Modern_sh2-R
wh12048V,Modern_sh2-R
wh07166R,Modern_sh2-R
K88-2-1(x4)-2-1,Modern_su1
wu07812,Modern_su1
we07403a,Modern_su1
we04806,Modern_su1
we11405,Modern_su1
we05407,Modern_su1
We04401,Modern_su1
we11408,Modern_su1
We05408,Modern_su1
we11416,Modern_su1
we08405,Modern_su1
We05401,Modern_su1
We05411,Modern_su1
wuh11811i,Modern_su1
we08424,Modern_su1
We01407,Modern_su1
we05410,Modern_su1
wuh11812i,Modern_su1
we08414a,Modern_su1
We06410,Modern_su1
we1095407-2,Modern_su1
We17401,Modern_su1
we08417a,Modern_su1
we09425,Modern_su1
wuh12027i,Modern_su1
wu10802R,Modern_su1
Wu00801,Modern_su1
Wu00802,Modern_su1
Wh10804R,Modern_su1
Wu99811,Modern_su1
we04819,Modern_su1
I817,Modern_su1
we09402,Modern_su1
We03418a,Modern_su1
wu10804R,Modern_su1
We06409a,Modern_su1
wuh12035i,Modern_su1
Wh17031R,Modern_su1
We02404,Modern_su1
we12401,Modern_su1
Wu99823,Modern_su1
we10401,Modern_su1
We02406,Modern_su1
we11401,Modern_su1
FL52,NA
HI74,NA
HI79,NA
Nueta,NA
Sh2-m1_plus,NA
W22wx1,NA
W23ae1,NA
W64Abt2,NA
W64Asu2,NA
HI82,NA
S43,NA
EP60,NA
Red_NCLB,NA
MDM_23,NA
M822,NA
A15,NA
M6411,NA
MDM_8,NA
EP62,NA
MDM_16,NA
EP61,NA
MDM_2,NA
MDM-5,NA
WMT,NA
Wuh07183i,NA
ND1,NA
C1540,NA
EP83,NA
IL676a,NA
IL124a,NA
MDM_18,NA
CTS6_1,NA
Sonora_22,NA
NE_HY_13A,NA
DF14,NA
C2,NA
Z07_003,NA
M23,NA
ARZM_21_014,NA
MDM_12,NA
HotevillaAzwhitesweetcorn_1,NA
W64A,NA
K105-1-1-2-1-1,NA
MSR_su,NA
83612b,NA
we09413,NA
IL437a,NA
Z07_001,NA
CI540,NA
NE_HY_13b,NA
MDM_6,NA
M6421,NA
T-24-56-ILL,NA
wuh07182i,NA
AS12,NA
We02412,NA
Raza_Maiz_Dulce,NA
PAIA_453,NA
F2,NA
A632_susu,NA
I9-1-1-1-1-1-1,NA
We17442,NA
EP85,NA
Ia453WT,NA
A7,NA
A648,NA
CTS62_Su,NA
Hi38C1,NA
Hi38,NA
F7,NA
Oh43_su,NA
HI76,NA
we08408,NA
wuh07428i,NA
34f,NA
N45A-1,NA
HawaiiSugar,NA
Sonora_124,NA
M126-1-1-1-2-2-3-1-2-1,NA
Chile_339,NA
Bi_10,NA
Chile_332,NA
wuh12020i,NA
AS11,NA
Tawaktci,NA
We17418,NA
IL7,NA
Andjar_Bekaa,NA
W85,NA
HI70,NA
MDM_15,NA
83610b,NA
We17410,NA
Ia453sh2,NA
M5,NA
MDM_9,NA
HI81,NA
Hawaiian_Sugar,NA
R853,NA
wh13037,NA
Separation_from_177604,NA
L185-1-1-1-1-3-1,NA
S8,NA
IL731a,NA
MDM_1,NA
Glancaster_sh2,NA
EP82,NA
V775,NA
SC1441,NA
MDM_19,NA
R839,NA
Wh00033,NA
Guanajuato_93,NA
MDM_20,NA
SYN2sh2,NA
I152-1-1-1-1-2-1-1,NA
wh09068,NA
Chile_335,NA
MDM-1,NA
EP58,NA
IL648,NA
GSSS_sh2,NA
V781,NA
wuh07492i,NA
Nueta_Sweet_Corn,NA
Tesuque_Pueblo,NA
MR14,NA
M6388,NA
Wh14022A,NA
Silver_9,NA
If853,NA
Separation_from_170882,NA
Moencopi_Pueblo,NA
wh10080,NA
VIA5492,NA
MR10,NA
2,NA
Chihuahua_151,NA
Wh16003,NA
S4,NA
HiBTSYN3,NA
wh14022B,NA
EP84,NA
N7C-1,NA
OH43_sh2,NA
257A9,NA
Sonora_108,NA
R851,NA
N120-1-X-1-1-1-1-1-3,NA
Ind_5817,NA
FL32,NA
A632_sh2sh2,NA
B84_plus_su,NA
Wh16042,NA
Mo17su_su,NA
ZapaloteChico,NA
MDM_21,NA
HI78,NA
Sonora_57,NA
Z07_002,NA
A10579,NA
Mexican_Dent_sh2,NA
wh10035R,NA
Wh17027A,NA
wh08039,NA
SC6069,NA
N12A-1,NA
Wh16044,NA
Wh16008,NA
wh04020a,NA
wh13070,NA
wh13074A,NA
wh10006R,NA
wuh07177i,NA
NE_EDR_sh2,NA
wh11001,NA
wh14119V,NA
If825,NA
wh10117R,NA
wh13048,NA
wh07013,NA
C15,Old_su
IL303b,Old_su
W3722,Old_su
IL453b,Old_su
SD883,Old_su
ARZM_19_051,Old_su
W6462,Old_su
IL515a,Old_su
592,Old_su
ARZM_21_013,Old_su
Me1,Old_su
C13,Old_su
Selection_from_231227,Old_su
ARZM_19_057,Old_su
IL545,Old_su
ARZM_21_009,Old_su
Zarya123,Old_su
P35,Old_su
P39,Old_su
Ia2076,Old_su
IL797a,Old_su
Vineland576,Old_su
SD469,Old_su
IL395a,Old_su
W3742,Old_su
Me123,Old_su
IL677a,Old_su
C4,Old_su
Me2rt,Old_su
P39xRp1d,Old_su
C68,Old_su
C12-1,Old_su
176,Old_su
C42,Old_su
IL1171,Old_su
IL328a,Old_su
IL454a,Old_su
C27,Old_su
Me121Wa,Old_su
SD42,Old_su
Ma83608,Old_su
SD592,Old_su
IL713a,Old_su
W6728,Old_su
C68Rx552_63,Old_su
Ma2402,Old_su
GTS1,Old_su
IA2132,Old_su
Ia2003,Old_su
IL689a,Old_su
IL112t,Old_su
Separation_from_212335,Old_su
IL618b,Old_su
NJ116Wb,Old_su
C5,Old_su
STRAIN11D-586-68A,Old_su
STRAINT32-397-68B,Old_su
C22,Old_su
SD884,Old_su
STRAIN304A-408-68B,Old_su
IL765a,Old_su
W6786,Old_su
C7e,Old_su
P39Goodman-Buckler,Old_su
ILB5870,Old_su
IL430a,Old_su
ILB6011,Old_su
W822Gse,Old_su
ARZM_21_007,Old_su
NJ159,Old_su
226,Old_su
ARZM_21_002,Old_su
IL125a,Old_su
W6714,Old_su
ILB5765,Old_su
W3647,Old_su
IL788a,Old_su
IL801a,Old_su
IL757b,Old_su
IL27a,Old_su
IL18b,Old_su
Separation_from_183742,Old_su
IL368a,Old_su
STRAINT20-2-68B,Old_su
IL465a,Old_su
WVG3,Old_su
ARZM_16_011,Old_su
W5543,Old_su
Ma32,Old_su
SD908,Old_su
STRAIN675A-415-68B,Old_su
IL755a,Old_su
C38,Old_su
ARZM_21_008,Old_su
C81,Old_su
IL91j,Old_su
SD226,Old_su
IL789b,Old_su
IL110K,Old_su
P51,Old_su
IaEv191,Old_su
NJ112,Old_su
No_1577,Old_su
IL673a,Old_su
Ranniaya_Zolotaya_401,Old_su
IL557a,Old_su
ARZM_20_005,Old_su
C23_su,Old_su
A684su,Old_su
C6A,Old_su
W6757,Old_su
IP39,Old_su
IL671a,Old_su
SD909,Old_su
Ia453su1,Old_su
B5870,Old_su
P39M96,Old_su
ARZM_20_006,Old_su
Jubileeex9017,Old_su
C7,Old_su
Ia5261,Old_su
C18,Old_su
C27red,Old_su
Separation_from_204812,Old_su
IL744a,Old_su
NJ618,Old_su
IL772a,Old_su
Me244Wb,Old_su
IL747b,Old_su
SD789,Old_su
T64S,Old_su
STRAINT24-395-68B,Old_su
P51wx,Old_su
Eskisehir,Old_su
SD277,Old_su
908,Old_su
W7151,Old_su
IL86e,Old_su
SD829,Old_su
IL793a,Old_su
IL615a,Old_su
IL733a,Old_su
Il101T,Old_su
G8,Old_su
Me100,Old_su
IL696a,Old_su
ARZM_21_018,Old_su
C3,Old_su
B5765,Old_su
IL325a,Old_su
IL761a,Old_su
IL692c,Old_su
W5579,Old_su
VIII_221,Old_su
IL773a,Old_su
C90,Old_su
STRAINT35-388-68A,Old_su
IL611a,Old_su
IL802b_Ht2,Old_su
469,Old_su
IL318a,Old_su
13B-587-68A,Old_su
Strain_T32_397_68r,Old_su
Me121_wb,Old_su
IL767b,Old_su
IaEV3004,Old_su
197A-381-68A,Old_su
Separation_from_177642,Old_su
Me244Wa,Old_su
IL11D,Old_su
IL751a,Old_su
STRAIN451B-4-68B,Old_su
C8pseudo,Old_su
IL729a,Old_su
789,Old_su
IL370a,Old_su
P51xRp1d,Old_su
IL13B,Old_su
I45,Old_su
IL678a,Old_su
Ma401,Old_su
C40,Old_su
Me135,Old_su
Ia2256,Old_su
Slatka_Pukanka,Old_su
IL661a,Old_su
T625,Old_su
Separation_from_183739,Old_su
Ia2730,Old_su
IL31a,Old_su
IL354a,Old_su
IL451b,Old_su
ARZM_21_006,Old_su
W6720-1,Old_su
IL779a,Old_su
IL47A,Old_su
471_U6,Old_su
IL14H,Old_su
IL766a,Old_su
IaEV3002,Old_su
IL21f,Old_su
No_156,Old_su
IL796a,Old_su
Ia4189,Old_su
IL366a,Old_su
P737M20,Old_su
Ia5220,Old_su
IL803a,Old_su
IL778c,Old_su
Ill101Q,Old_su
IL103a,Old_su
IL804aHTN,Old_su
IL14C,Old_su
NJ116Wa,Old_su
IL795a,Old_su
C30,Old_su
W6720_2,Old_su
IL764b,Old_su
STRAINT36101T-394-68,Old_su
SD176,Old_su
STRAINT33-399-68B,Old_su
Separation_from_177589,Old_su
NJ7Y,Old_su
442A-431-68D,Old_su
A685su,Old_su
21-396-68B,Old_su
IL104g,Old_su
IL200e,Old_su
ARZM_19_069,Old_su
C65,Old_su
IL279AxRp1d,Old_su
IL369b,Old_su
IL794a,Old_su
81-1,Old_su
IL442a,Old_su
IL44b,Old_su
IL707a,Old_su
IL701e,Old_su
W5552,Old_su
Me2,Old_su
Ia59,Old_su
IL799b,Old_su
IL798c,Old_su
IL776a,Old_su
IL607a,Old_su
245,Old_su
IL543c,Old_su
14H-588-68B,Old_su
IL778d,Old_su
STRAIN18B-5-69,Old_su
Ia45_2,Old_su
Ia5125,Old_su
Ia5145,Old_su
A686su,Old_su
Separation_from_177107,Old_su
W3607,Old_su
IL777a,Old_su
Ia45_1,Old_su
Ia5125B,Old_su
IL699e,Old_su
IL800a,Old_su
Ia45_3,Old_su
IL393a,Old_su
Ma5125,Old_su
W6366,Old_su
Black_Mexican,Open_Pollinated
Rhode_Island_Sweet,Open_Pollinated
Millersburg_Red_Sweet_No2,Open_Pollinated
Howling_Mob,Open_Pollinated
Luther_Hill,Open_Pollinated
Burnell_Golden_Bantam,Open_Pollinated
West_Brookfield_white_sweet,Open_Pollinated
Olcott,Open_Pollinated
GMBAB,Open_Pollinated
Late_Mammoth,Open_Pollinated
Golden_Bantam_WI,Open_Pollinated
Hayes_White_Sweet,Open_Pollinated
North_Dakota_Yellow_Sweet_Bulk,Open_Pollinated
Maiz_Amarilla_Evergreen,Open_Pollinated
Golden_Bantam,Open_Pollinated
Early_June,Open_Pollinated
CRC_61,Open_Pollinated
Cubano,Open_Pollinated
Oregon_Evergreen-2,Open_Pollinated
Stowels_Evergreen,Open_Pollinated
Narino_430,Open_Pollinated
Golden_Giant,Open_Pollinated
Amarillo_dulce,Open_Pollinated
Northrup_King_Strain9316,Open_Pollinated
Doce_de_Cuba,Open_Pollinated
CHZM_08_129,Open_Pollinated
Aunt_Marys,Open_Pollinated
Golden_Evergreen,Open_Pollinated
Whipples_Yellow,Open_Pollinated
Pease_Crosby_Sweet_Corn,Open_Pollinated
Sunshine,Open_Pollinated
Banting,Open_Pollinated
Golden_Gem,Open_Pollinated
Atkinson,Open_Pollinated
Country_Gentleman,Open_Pollinated
Whipples_White,Open_Pollinated
Early_Evergreen,Open_Pollinated
Baxters_Golden_Bantam,Open_Pollinated
Cuzco_suse,Open_Pollinated
